{"data_time": 0.026226994999433373, "eta_seconds": 8094.595361586435, "fast_rcnn/cls_accuracy": 0.1546875, "fast_rcnn/false_negative": 0.125, "fast_rcnn/fg_cls_accuracy": 0.0, "iteration": 19, "loss_box_reg": 0.0008035537448449759, "loss_cls": 3.1074934005737305, "loss_mask": 0.6931717991828918, "loss_rpn_cls": 0.6911315023899078, "loss_rpn_loc": 0.006614295765757561, "lr": 4.99525e-06, "mask_rcnn/accuracy": 0.4792304421768707, "mask_rcnn/false_negative": 0.46463927561594565, "mask_rcnn/false_positive": 0.5437816214653457, "roi_head/num_bg_samples": 510.9, "roi_head/num_fg_samples": 1.1, "rpn/num_neg_anchors": 252.4, "rpn/num_pos_anchors": 3.6, "time": 0.5403601710004295, "total_loss": 4.50090452972654}
{"data_time": 0.019869639500029734, "eta_seconds": 8142.677906442841, "fast_rcnn/cls_accuracy": 0.421484375, "fast_rcnn/false_negative": 0.2, "fast_rcnn/fg_cls_accuracy": 0.0, "iteration": 39, "loss_box_reg": 0.0013693764340132475, "loss_cls": 3.057126045227051, "loss_mask": 0.6931963562965393, "loss_rpn_cls": 0.6907635927200317, "loss_rpn_loc": 0.005751402350142598, "lr": 9.99025e-06, "mask_rcnn/accuracy": 0.4794642857142857, "mask_rcnn/false_negative": 0.47010877424406483, "mask_rcnn/false_positive": 0.5890662117510885, "roi_head/num_bg_samples": 510.8, "roi_head/num_fg_samples": 1.2, "rpn/num_neg_anchors": 252.8, "rpn/num_pos_anchors": 3.2, "time": 0.5454353995005476, "total_loss": 4.45083067426458}
{"eta_seconds": 8130.590851800553, "fast_rcnn/cls_accuracy": 0.53515625, "fast_rcnn/false_negative": 0.2, "fast_rcnn/fg_cls_accuracy": 0.0, "iteration": 43, "mask_rcnn/accuracy": 0.4844547193877551, "mask_rcnn/false_negative": 0.49505046604885994, "mask_rcnn/false_positive": 0.5265763217574969, "roi_head/num_bg_samples": 510.8, "roi_head/num_fg_samples": 1.2, "rpn/num_neg_anchors": 252.39999999999998, "rpn/num_pos_anchors": 3.5999999999999996}
{"data_time": 0.01968011300004946, "iteration": 42, "loss_box_reg": 0.0013496889150701463, "loss_cls": 3.045867919921875, "loss_mask": 0.6931923627853394, "loss_rpn_cls": 0.6905909180641174, "loss_rpn_loc": 0.0070179065223783255, "lr": 1.0739500000000001e-05, "time": 0.541420560500228, "total_loss": 4.43616993399155}
