{"data_time": 0.02022881399898324, "eta_seconds": 8098.434690623762, "fast_rcnn/cls_accuracy": 0.0011718750000000002, "fast_rcnn/false_negative": 0.0, "fast_rcnn/fg_cls_accuracy": 0.0, "iteration": 19, "loss_box_reg": 0.0032041267259046435, "loss_cls": 3.2170238494873047, "loss_mask": 0.6932197213172913, "loss_rpn_cls": 0.6899591684341431, "loss_rpn_loc": 0.005676687927916646, "lr": 4.99525e-06, "mask_rcnn/accuracy": 0.49298469387755106, "mask_rcnn/false_negative": 0.5683163679840777, "mask_rcnn/false_positive": 0.4357185080259216, "roi_head/num_bg_samples": 510.6, "roi_head/num_fg_samples": 1.4, "rpn/num_neg_anchors": 252.6, "rpn/num_pos_anchors": 3.4, "time": 0.540616467998916, "total_loss": 4.611789530317765}
{"data_time": 0.019859246500345762, "eta_seconds": 8099.290540424699, "fast_rcnn/cls_accuracy": 0.09921875, "fast_rcnn/false_negative": 0.0, "fast_rcnn/fg_cls_accuracy": 0.0, "iteration": 39, "loss_box_reg": 0.0032057134667411447, "loss_cls": 3.0919512510299683, "loss_mask": 0.693189263343811, "loss_rpn_cls": 0.6894001364707947, "loss_rpn_loc": 0.006657174322754145, "lr": 9.99025e-06, "mask_rcnn/accuracy": 0.49273870262390673, "mask_rcnn/false_negative": 0.49919006778186337, "mask_rcnn/false_positive": 0.5120014748825933, "roi_head/num_bg_samples": 510.6, "roi_head/num_fg_samples": 1.4, "rpn/num_neg_anchors": 252.4, "rpn/num_pos_anchors": 3.6, "time": 0.5414267060004931, "total_loss": 4.4874407454626635}
{"data_time": 0.0197564145000797, "fast_rcnn/cls_accuracy": 0.269921875, "fast_rcnn/false_negative": 0.05, "fast_rcnn/fg_cls_accuracy": 0.0, "iteration": 44, "loss_box_reg": 0.0035819205222651362, "loss_cls": 3.039334297180176, "loss_mask": 0.6931894421577454, "loss_rpn_cls": 0.6893077790737152, "loss_rpn_loc": 0.006657174322754145, "lr": 1.1239e-05, "mask_rcnn/accuracy": 0.4958318148688047, "mask_rcnn/false_negative": 0.523468068620077, "mask_rcnn/false_positive": 0.48608489573904823, "roi_head/num_bg_samples": 510.6, "roi_head/num_fg_samples": 1.4, "rpn/num_neg_anchors": 252.5, "rpn/num_pos_anchors": 3.5, "time": 0.5425956349990884, "total_loss": 4.436673398828134}
{"eta_seconds": 8100.734629892308, "iteration": 45}
